{"count":1,"self":23.561263999999998,"total":108.7387081,"children":{"AgentSendState":{"count":20467,"self":1.7123582,"total":3.6346610999999998,"children":{"CollectObservations":{"count":81880,"self":0.37833479999999997,"total":0.37833479999999997,"children":null},"CollectDiscreteActionMasks":{"count":81880,"self":0.2457907,"total":0.2457907,"children":null},"AgentInfo.ToProto":{"count":81880,"self":0.6827038,"total":1.2981774,"children":{"GenerateSensorData":{"count":81880,"self":0.6154736,"total":0.6154736,"children":null}}}}},"DecideAction":{"count":20467,"self":80.999865599999993,"total":80.9998634,"children":null},"AgentAct":{"count":20467,"self":0.5180679,"total":0.52500629999999993,"children":{"AgentInfo.ToProto":{"count":155,"self":0.0059407999999999996,"total":0.0069384,"children":{"GenerateSensorData":{"count":155,"self":0.0009976,"total":0.0009976,"children":null}}}}},"AgentInfo.ToProto":{"count":558,"self":0.012935799999999999,"total":0.0179134,"children":{"GenerateSensorData":{"count":558,"self":0.0049775999999999996,"total":0.0049775999999999996,"children":null}}}},"gauges":{"MoveToGoal.CumulativeReward":{"count":713,"max":1,"min":-2,"runningAverage":0.4446001,"value":1,"weightedAverage":0.9999999}},"metadata":{"timer_format_version":"0.1.0","start_time_seconds":"1618114138","unity_version":"2019.4.24f1","command_line_arguments":"C:\\Program Files\\Unity\\Hub\\Editor\\2019.4.24f1\\Editor\\Unity.exe -projectpath C:\/Users\/steph\/Virus Simulator -useHub -hubIPC -cloudEnvironment production -hubSessionId 7e24b390-9a14-11eb-9623-d9d5cb2b59ab -accessToken DVw3CxU9JvS_U8hbWf8SAxHldGfat_qNYnfj-eyO6KM001f","communication_protocol_version":"1.0.0","com.unity.ml-agents_version":"1.0.7","scene_name":"Agent","end_time_seconds":"1618114247"}}